"","Location","State","Date","n"
"1","10 MILE CANYON","CO","1/26/93",1
"2","20 miles northeast of Calder","ID","12/29/10",1
"3","ABASIN BEAVERS","CO","1/25/00",1
"4","ABASIN BEAVERS 2","CO","2/4/96",1
"5","Agassiz Peak, east of ARIZONA SNOWBOWL","AZ","1/30/95",1
"6","ALPINE MDWS","CA","3/31/82",2
"7","ALPINE MEADOWS","CA","3/2/76",1
"8","ALPINE MEADOWS / MUNCHKIN CHUTES / CHADS CLIFF","CA","3/15/90",1
"9","ALTA","UT","1/2/84",1
"10","ALTA","UT","1/29/70",1
"11","ALTA","UT","1/6/76",1
"12","ALTA","UT","11/20/86",1
"13","ALTA","UT","2/19/86",1
"14","ALUM CREEK","NV","12/28/70",1
"15","ANACONDA","MT","4/24/95",1
"16","Aneroid Basin, Eagle Cap Wilderness","OR","3/7/09",1
"17","ANEROID LAKE","OR","2/14/82",1
"18","ARAPAHOE BASIN","CO","1/6/82",1
"19","ARAPAHOE BASIN","CO","11/23/74",1
"20","ARAPAHOE BASIN","CO","11/24/61",1
"21","ARAPAHOE BASIN","CO","11/26/67",1
"22","ARAPAHOE BASIN","CO","2/13/93",1
"23","ARAPAHOE BASIN","CO","3/13/82",1
"24","ARAPAHOE BASIN OB","CO","2/5/91",1
"25","ASHCROFT","CO","12/31/84",1
"26","ASHCROFT / PEARL PASS","CO","1/10/88",1
"27","ASPEN","CO","12/13/84",1
"28","ASPEN HIGHLANDS","CO","1/22/99",1
"29","ASPEN HIGHLANDS","CO","3/31/84",1
"30","ASPEN HURRICANE","CO","1/25/00",1
"31","ASPEN MCFARLANE BOWL","CO","1/23/96",1
"32","ASPEN MTN","CO","12/28/74",1
"33","ASPEN MTN","CO","12/8/72",1
"34","ASPEN MTN","CO","2/23/61",1
"35","ASPEN MTN","CO","2/3/59",1
"36","ASPEN MTN","CO","3/8/98",1
"37","ASPEN MTN (McFarlane Gulch)","CO","3/16/71",1
"38","ASPEN PYRAMID PK","CO","1/27/96",1
"39","B COTTONWOOD","UT","1/11/80",1
"40","Back country to the west of Stevens Pass, WA. Backside of Cowboy Mountain","WA","3/27/11",1
"41","Backcountry near Lookout Pass","ID","4/29/06",1
"42","Bald Mountain, Hatcher Pass","AK","3/19/11",1
"43","BARNARD GLACIER","AK","8/15/93",1
"44","BEAVER CREEK","CO","2/18/92",1
"45","Beehive Basin, near Big Sky","MT","1/20/08",1
"46","BERTHOUD PASS","CO","1/17/76",1
"47","BERTHOUD PASS","CO","3/24/85",1
"48","BERTHOUD PASS","CO","4/1/92",1
"49","BERTHOUD PASS (Floral Park)","CO","2/13/60",1
"50","BERTHOUD PASS 2ND CREEK","CO","12/29/87",1
"51","BERTHOUD PASS russel","CO","3/1/98",1
"52","BERTHOUD PASS russel","CO","4/19/98",1
"53","Big Belt Mountains","MT","2/17/07",1
"54","BIG COTTONWOOD","UT","2/1/81",1
"55","BIG COTTONWOOD CNYN MINERAL FORK","UT","12/11/04",1
"56","BIG COTTONWOOD CNYN TWIN LAKES PASS","UT","12/10/04",1
"57","BIG COTTONWOOD CYN","UT","2/12/95",1
"58","BIG COTTONWOOD CYN / MILL CREEK / GOBBLERS KNOB","UT","2/15/03",1
"59","BIG COTTONWOOD CYN / STAIRS GU","UT","4/28/01",1
"60","BIG FOUR MT","WA","5/15/76",1
"61","BIG FOUR MTN","WA","5/20/62",1
"62","BIG MOUNTAIN","MT","1/18/80",1
"63","BIG SKY","MT","12/24/82",1
"64","BIG SKY / DOBES","MT","11/26/99",1
"65","Bird Ridge, Chugach State Park","AK","4/18/11",1
"66","BISHOP MT TOM ELDERBERRY CANYON","CA","3/26/05",1
"67","BITTERROOT MTNS","MT","12/30/98",1
"68","Black Butte area of the Gravelly Range","MT","1/17/09",1
"69","BLACKFOOT R","MT","3/16/69",1
"70","Blacksmith Creek drainage,Twin Lakes area; Sawtooth Range","CA","2/1/06",1
"71","BLACKSTONE BAY","AK","6/17/93",1
"72","BLEWETT PASS","WA","1/18/98",1
"73","BLEWETT PASS / NAVAJO PEAK","WA","12/17/03",1
"74","BLUE MOUNTAINS","OR","1/29/99",1
"75","BONNER SHEEP MTN","MT","1/26/02",1
"76","BONNERS FERRY","ID","3/19/00",1
"77","BOULDER CRK, KENAI","AK","3/27/94",1
"78","BOUNTIFUL PK","UT","12/8/96",1
"79","BOZEMAN CREEK","MT","2/19/83",1
"80","BRECKENRIDGE","CO","1/22/93",1
"81","BRECKENRIDGE","CO","2/18/87",1
"82","BRIDGEPORT","CA","2/21/76",1
"83","BRIGHTON","UT","2/15/87",1
"84","BRIGHTON","UT","2/17/86",1
"85","BRIGHTON","UT","2/18/94",1
"86","BRIGHTON OB / PIONEER RIDGE","UT","3/16/02",1
"87","Brown Bear Basin near Harts Pass","WA","12/28/08",1
"88","BUFFALO MT","CO","4/9/93",1
"89","CAMERON PASS","CO","1/9/93",1
"90","CAMP BIRD HWY","CO","2/14/58",2
"91","CANTWELL","AK","12/24/01",1
"92","CANTWELL / DENALI NP","AK","12/9/00",1
"93","Canyon Creek, near Whitefish Mountain","MT","1/13/08",1
"94","CANYONS / RED ROCK CLIFFS","UT","2/27/01",1
"95","CANYONS DUTCH DRAW OB","UT","1/14/05",1
"96","CARSON PASS / NR BLUE LAKES","CA","4/26/03",1
"97","CASCADE","ID","2/1/97",1
"98","CASTLE CREEK","CO","1/15/75",1
"99","CASTLE CREEK","CO","3/6/91",1
"100","CATHERINES PASS","UT","11/13/85",1
"101","CENTENIAL","WY","1/21/96",1
"102","CENTENNIAL","WY","2/8/75",1
"103","CENTENNIAL MTNS HELL ROARING HUT","MT","1/1/05",1
"104","CHAIR MOUNTAIN","WA","12/23/96",1
"105","Cherry Hill, western Uinta Mountains","UT","11/26/10",1
"106","CHUGACH","AK","1/16/75",1
"107","CHUGACH","AK","11/21/81",1
"108","CHUGACH MTNS","AK","11/8/92",1
"109","CHUGACH MTNS","AK","4/3/99",1
"110","CLE ELUM LAKE ANN WENATCHEE NF","WA","2/17/01",1
"111","COAL BANK PASS","CO","4/9/94",1
"112","Coal Creek, West side of Teton Pass","WY","1/5/06",1
"113","COBALT","ID","2/29/52",1
"114","CONUNDRUM CREEK","CO","2/14/95",1
"115","COOKE CITY","MT","1/18/98",1
"116","COOKE CITY","MT","1/8/94",1
"117","COOKE CITY","MT","2/4/92",1
"118","COOKE CITY / MT ABUNDANCE","MT","2/16/02",1
"119","COOKE CITY / MT ABUNDANCE","MT","3/9/03",1
"120","COOKE CITY / WOLVERINE PEAK","MT","1/22/03",1
"121","COPPER MOUNTAIN","CO","12/18/83",1
"122","CORDOVA","AK","1/26/00",1
"123","CORDOVA","AK","12/12/01",1
"124","CORDOVA","AK","4/15/99",1
"125","COTTENWOOD PASS","CO","2/17/91",1
"126","COTTONWOOD PASS","CO","2/3/96",1
"127","CRESTED BUTTE","CO","1/9/75",1
"128","CRESTED BUTTE","CO","2/18/90",1
"129","CRESTED BUTTE","CO","2/5/89",1
"130","CRESTED BUTTE","CO","3/9/83",1
"131","CRESTED BUTTE","CO","4/8/93",1
"132","CROW PASS","AK","11/23/97",1
"133","CRYSTAL MOUNTAIN / NORSE PEAK","WA","12/29/02",1
"134","CRYSTAL MTN","WA","1/16/00",1
"135","CRYSTAL MTN","WA","3/15/80",1
"136","CUMBERLAND PASS","CO","2/6/99",2
"137","CUMBRES PASS","CO","1/23/82",1
"138","CUTLER BASIN, OGDEN","UT","1/7/95",1
"139","D. L. BLISS","CA","1/5/82",1
"140","DALLAS DIVIDE","CO","3/19/84",1
"141","DAM SLIDE","CO","4/8/57",1
"142","Darby Canyon","ID","3/10/07",1
"143","DEER CREEK","CO","3/6/83",1
"144","DELTA / SUMMIT LAKE","AK","3/18/01",1
"145","DELTA RANGE","AK","2/18/96",1
"146","DENALI /","AK","4/25/98",1
"147","DENALI / MT FORAKER","AK","5/6/87",1
"148","DENALI / MT HUNTER","AK","6/6/97",1
"149","DENALI / MT MCKINELY","AK","5/29/97",1
"150","DENALI / MT MCKINLEY","AK","4/3/82",1
"151","DESOLATION LK","UT","4/2/79",1
"152","DEVILS THUMB","AK","4/14/03",1
"153","DONNER PASS","CA","2/11/98",1
"154","DONNER SUMMIT","CA","1/1/04",1
"155","DONNER SUMMIT","CA","2/6/99",1
"156","DOUGLAS ISLAND","AK","2/25/95",1
"157","DRY GULCH","CO","2/12/95",1
"158","EAGLE PK, CHUG","AK","4/2/84",1
"159","EAGLE RIVER","AK","3/10/85",1
"160","EAGLE RIVER 6 MILE","AK","3/31/02",1
"161","EAST VAIL","CO","1/12/93",1
"162","EAST VAIL CHUTES","CO","12/3/92",1
"163","EAST VAIL CHUTES","CO","3/4/96",1
"164","Edith Creek, Mount Rainier National Park","WA","12/18/07",1
"165","EKLUTNA GLAC","AK","4/12/71",1
"166","EL DIENTE PK","CO","11/2/77",1
"167","ELK MTNS","CO","6/18/84",1
"168","EMIGRANT PK ABSAROKA MTNS","MT","12/31/00",1
"169","ENCAMPMENT battle lk","WY","1/11/98",1
"170","ENGINEER MTN","CO","4/9/95",1
"171","EUREKA LODGE MATANUSKA RIVER","AK","2/3/01",1
"172","Excelsior Pass area, north of Mount Baker","WA","1/1/08",1
"173","EXIT GLACIER","AK","6/17/87",1
"174","FAIRFIELD","ID","1/2/04",1
"175","FAIRFIELD / TRINITY MTNS","ID","12/28/02",1
"176","FAIRVIEW CANYON","UT","1/2/99",1
"177","Fargo","ND","1/3/08",1
"178","Flagstaff Peak near ALTA","UT","12/26/96",1
"179","FLATHEAD PASS / BRIDGER MTNS","MT","4/4/01",1
"180","FLATTOP MT","AK","12/30/73",1
"181","FLATTOP MTN, CHUGACH STATE PARK, CHUGACH MTNS","AK","2/8/06",1
"182","FRANCIES CABIN","CO","1/14/95",1
"183","Francis Peak northwest of Farmington","UT","4/4/10",1
"184","FREMONT PASS","CO","2/25/90",1
"185","French Creek, Snowy Range","WY","1/2/08",1
"186","FRENCH GULCH","CO","11/21/85",1
"187","GAKONA GLACIER","AK","4/11/97",1
"188","GAKONA GLACIER","AK","4/3/93",1
"189","GALENA PASS","ID","1/5/96",1
"190","Garden Valley","ID","2/8/08",1
"191","GARFIELD","CO","1/14/75",1
"192","Garnet Canyon Meadows, Grand Teton National Park","WY","4/16/11",1
"193","Garns Mtn in the Big Hole Range west of Driggs","ID","1/30/10",1
"194","GENEVA BASIN","CO","12/20/65",1
"195","GLACIER","MT","12/29/69",1
"196","GLACIER NP","MT","5/26/53",1
"197","GLACIER NP","MT","5/31/95",1
"198","Gladiator Ridge, north of Sun Valley","ID","3/6/09",1
"199","GLADSTONE PK","CO","7/5/97",1
"200","Gobbler’s Knob, Wasatch Range","UT","2/20/07",1
"201","GRAND LAKE","CO","3/12/83",1
"202","GRAND MESA","CO","1/30/99",1
"203","GRAND TARGHEE","WY","3/20/76",1
"204","GRAND TETON","WY","1/16/74",1
"205","GRAND TETON","WY","2/3/85",1
"206","GRAND TETON","WY","4/26/79",1
"207","Grandview Pk, Session Mtns east of Bountiful","UT","1/29/10",1
"208","GRANITE MT","WA","3/25/62",1
"209","GRANITE MT","WA","4/16/83",1
"210","GRANITE MTN. SNOQUAL","WA","4/7/57",1
"211","GRAYS RIVER / CORRAL CREEK LAKE","WY","1/5/03",1
"212","GRAYS RIVER / PRATER PK","WY","3/3/01",1
"213","GRAYS RIVER RD","WY","2/25/94",1
"214","GUANELLA PASS","CO","1/6/79",1
"215","GUANELLA PASS","CO","12/21/74",1
"216","GUANELLA PASS","CO","12/30/97",1
"217","HAMILTON","MT","1/3/98",1
"218","HATCHER PASS","AK","11/11/01",1
"219","HATCHER PASS","AK","11/2/94",1
"220","HATCHER PASS","AK","11/9/97",1
"221","HATCHER PASS","AK","12/26/99",1
"222","HATCHER PASS","AK","2/9/03",1
"223","HATCHER PASS","AK","3/2/85",1
"224","HEALY","AK","11/22/92",1
"225","HEAVENLY VAL","CA","3/2/74",1
"226","HECLA","MT","3/23/75",1
"227","Hell Roaring drainage South of Mt Jefferson","MT","1/17/09",1
"228","Hell’s Canyon, near Snowbasin","UT","2/18/07",1
"229","Hells Canyon, Snowbasin Backcountry","UT","1/24/10",1
"230","HELPER","UT","1/19/79",1
"231","HOMER","AK","3/3/90",1
"232","HOMESTAKE LAKE","CO","1/31/65",1
"233","HOPE PALMER CREEK ROAD","AK","12/23/01",1
"234","Horsehoe Mountain, Manti Skyline","UT","3/26/11",1
"235","Huntington Ravine, Mount Washington","NH","1/18/08",1
"236","Hyalite Canyon outside of Bozeman","MT","12/10/09",1
"237","Indian Creek drainage northwest of Alpine","WY","4/2/10",1
"238","Indian Peak area, Sanke River Range","WY","2/27/09",1
"239","Ingraham Direct Route, Mount Rainier","WA","6/5/10",1
"240","INSPIRATION PASS","MT","1/24/98",1
"241","ISLAND PARK reas pk","ID","1/3/98",1
"242","ISLAND PARK sawtell","ID","1/3/98",1
"243","JACKSON","MT","2/21/97",1
"244","JACKSON / JACKSON PEAK","WY","3/21/02",1
"245","JACKSON / TETON RANGE / PK 9870","WY","1/31/04",1
"246","Jackson Hole","WY","1/5/07",1
"247","Jackson Hole","WY","12/27/08",1
"248","JACKSON HOLE","WY","1/19/99",1
"249","JACKSON HOLE","WY","12/2/85",1
"250","JACKSON HOLE","WY","2/17/86",1
"251","JACKSON HOLE / HOURGLASS COULOIR","WY","2/10/03",1
"252","Jackson Hole Mountain Resort","WY","1/6/10",1
"253","JACKSON HOLE OB APRES VOUS","WY","2/23/01",1
"254","JACKSON HOLE ROCK SPRINGS","WY","2/6/01",1
"255","JACKSON PEAK","WY","1/12/76",1
"256","JED SMITH WILDX","WY","2/29/92",1
"257","Johnson Pass, Kenai Peninsula","AK","3/25/09",1
"258","JUNEAU","AK","1/10/71",1
"259","JUNEAU","AK","11/15/75",1
"260","JUNEAU","AK","2/7/74",1
"261","KELBER PASS","CO","1/21/95",1
"262","KELSO MTN","CO","10/17/84",1
"263","KENAI MTNS","AK","2/22/95",1
"264","KENI PENINSULA / TINCAN PEAK","AK","12/6/88",1
"265","KETCHUM / APOLLO CREEK","ID","2/28/04",1
"266","KETCHUM 20MI NW BAKER CREEK BRODIE GULCH","ID","4/1/05",1
"267","KYLE CANYON","NV","2/25/69",1
"268","LA PLATA MTNS","CO","11/17/85",1
"269","LA SAL MTNS","UT","2/12/92",1
"270","LAKE PLACID","NY","2/19/00",1
"271","LAKE STEVENS","ID","1/16/05",1
"272","LAMOILLE","NV","2/15/81",1
"273","LAPLATA MTNS","CO","11/7/90",1
"274","LAS VEGAS SKI MT CHARLESTON LEE CANYON","NV","1/9/05",1
"275","LEADVILLE","CO","12/20/81",1
"276","LEADVILLE","CO","2/24/68",1
"277","LEEKS CANYON","WY","3/5/56",1
"278","LIMA PKS S OF DILLON","MT","11/15/98",1
"279","LINCOLN / COPPER CREEK BOWL","MT","2/1/03",1
"280","Lionhead, W of West Yellowstone","MT","12/28/06",1
"281","LITTLE COTTON WD CNY","UT","2/6/99",1
"282","LITTLE COTTONWOOD CN","UT","3/24/96",1
"283","LIVINGSTON / CRAZY MTNS / ELK CREEK","MT","2/2/03",1
"284","LIZARD HEAD PASS San Bernardo Pk","CO","1/21/98",1
"285","LOGAN CANYON","UT","1/11/97",1
"286","LOGAN CANYON","UT","11/26/89",1
"287","LOGAN CANYON BV FALL","UT","1/25/97",1
"288","Logan Peak","UT","12/24/08",1
"289","LOLO PASS","ID","2/9/85",1
"290","Lolo Peak, west of Missoula, MT","MT","6/14/10",1
"291","LONGS PEAK RMNP","CO","4/20/91",1
"292","LOOKOUT PK","CO","6/13/92",1
"293","LOST CANYON","CA","2/9/78",1
"294","LOST LAKE","CO","3/1/92",1
"295","LOVELAND BASIN","CO","2/10/79",1
"296","LOVELAND PASS","CO","1/7/67",1
"297","LOVELAND PASS","CO","4/2/89",1
"298","LOVELAND PASS / GRIZZLY PK","CO","3/17/91",1
"299","LUNDIN PK","WA","5/18/63",1
"300","MACE","ID","3/2/56",1
"301","MADISON RANGE","MT","1/18/98",1
"302","MADISON RANGE SPHINX MOUNTAIN","MT","10/30/04",1
"303","Maggies Peaks","CA","2/21/09",1
"304","MAMMOTH LAKES","CA","12/30/92",1
"305","MAMMOTH MT","CA","11/4/79",1
"306","MAMMOTH MT","CA","3/17/68",1
"307","MANTI WASATCH PLATEAU EPHRIAM CANYON","UT","1/8/05",1
"308","MARBLE / CHAIR MTN","CO","4/14/84",1
"309","MARIAS PASS PUZZLE SLIDE","MT","12/17/00",1
"310","Marmot Mountain, Hatcher Pass Area","AK","2/28/06",1
"311","McAtee Basin south of Big Sky","MT","4/14/10",1
"312","MCGINNIS GL","AK","3/21/75",1
"313","Meadows Chutes near Solitude Ski Area","UT","1/27/10",1
"314","MIDWAY","UT","1/22/95",1
"315","MILLCREEK CN","UT","3/1/81",1
"316","MILLER MOUNTAIN-SHEEP CREEK","MT","1/6/06",1
"317","MINERAL KING","CA","2/24/69",1
"318","MISSION MTNS","MT","1/3/98",1
"319","MISSION MTNS POULSON","MT","2/11/96",1
"320","MISSION RIDGE","WA","12/17/94",1
"321","MISSOULA","MT","1/9/93",1
"322","Missoula Lake 10 miles SW of Superior, MT","MT","3/27/10",1
"323","MITCHELL LAKE","CO","8/20/72",1
"324","MONARCH PASS","CO","12/15/74",1
"325","MONARCH PASS","CO","4/25/51",1
"326","MONTEZUMA","CO","12/25/82",1
"327","MONTEZUMA","CO","3/29/92",1
"328","MONTPEILER","ID","1/11/97",1
"329","MONTPELIER","ID","11/14/82",1
"330","MOON PASS","ID","4/2/54",1
"331","MORMOM HILL","ID","2/22/98",1
"332","Morning Star Peak, north central Washington Cascades","WA","12/4/10",1
"333","MORROW POINTDAM","CO","4/1/65",1
"334","Mount Cashmere","WA","3/5/11",1
"335","Mount Eyak, Cordova","AK","3/9/08",1
"336","Mount Herman, west of Mt. Baker Ski Area","WA","4/18/06",1
"337","MOUNT MANSFIELD, NE RIDGE","VT","2/14/05",1
"338","mountains near Antelope Creek","ID","3/1/06",1
"339","Mountians outside of Spencer","ID","4/2/06",1
"340","MT BAKER","WA","1/18/99",1
"341","MT BAKER","WA","12/28/70",1
"342","MT BAKER","WA","2/14/99",1
"343","MT BAKER","WA","2/5/66",1
"344","MT BAKER","WA","4/11/01",1
"345","MT BAKER","WA","8/27/78",1
"346","MT BAKER","WA","8/3/86",1
"347","MT BAKER / ARTIST POINT","WA","12/12/03",1
"348","MT BAKER OB","WA","4/26/04",1
"349","MT BALDY","CA","1/20/77",1
"350","MT BALDY","CA","1/24/95",1
"351","MT BALDY","CA","2/11/92",1
"352","MT BALDY","CA","3/1/81",1
"353","MT BELFORD","CO","10/16/94",1
"354","MT BLACKBURN","AK","6/16/88",1
"355","MT BORAH","ID","6/13/87",1
"356","MT ELLIS","MT","1/31/87",1
"357","MT ELLIS","MT","2/7/86",1
"358","MT FORAKER","AK","5/30/78",1
"359","MT FORAKER","AK","6/13/02",1
"360","MT FORAKER","AK","6/18/92",1
"361","MT FORAKER","AK","8/6/76",1
"362","MT GARFIELD","WA","5/10/72",1
"363","MT HOOD","OR","4/26/75",1
"364","MT HOOD","OR","5/31/98",1
"365","MT HOOD","OR","6/20/59",1
"366","MT HOOD","OR","6/20/82",1
"367","MT HOOD","OR","7/23/94",1
"368","MT HOOD MDWS","OR","2/19/89",1
"369","MT HUNTER","AK","5/13/96",1
"370","MT HUNTER","AK","5/22/87",1
"371","MT HUNTER","AK","5/9/79",1
"372","MT HUNTER","AK","6/24/96",1
"373","MT HUNTINGTON DENALI NP","AK","2/15/05",1
"374","MT INDEX","WA","12/28/96",1
"375","Mt Jefferson, Centenial Range","MT","1/1/07",1
"376","MT KATAHDIN","ME","2/8/84",1
"377","MT MARATHON","AK","2/19/76",1
"378","MT MCGINNIS JUNEAU","AK","4/27/99",1
"379","MT NAST","CO","3/29/76",1
"380","MT ORVILLE GLAC BAY","AK","4/24/95",1
"381","MT PLEASANT","UT","1/17/98",1
"382","MT RAINER","WA","2/29/92",1
"383","MT RAINER","WA","6/11/98",1
"384","MT RAINIER","WA","11/18/74",1
"385","MT RAINIER","WA","11/30/75",1
"386","MT RAINIER","WA","12/31/77",1
"387","MT RAINIER","WA","3/4/79",1
"388","MT RAINIER","WA","3/6/88",1
"389","MT RAINIER","WA","3/9/69",1
"390","MT RAINIER","WA","5/31/78",1
"391","MT RAINIER","WA","6/21/81",1
"392","MT RAINIER / LIBERTY RIDGE","WA","6/13/04",1
"393","MT RAINIER INGRAHAM GLACIER","WA","10/24/04",1
"394","MT ROSE","NV","1/29/72",1
"395","MT ROSE","NV","2/13/92",1
"396","MT ROSE OB","NV","12/15/02",1
"397","MT SAINT ELIAS","AK","6/12/96",1
"398","MT SHASTA","CA","11/19/73",1
"399","MT SHASTA","CA","4/2/83",1
"400","MT SHUKSAN","WA","6/26/83",1
"401","MT SI","WA","2/9/85",1
"402","MT SOPRIS","CO","4/16/78",1
"403","MT ST HELENS","WA","4/26/75",1
"404","MT WASHINGTON","NH","1/25/82",1
"405","MT WASHINGTON","NH","1/5/96",1
"406","MT WASHINGTON","NH","2/12/54",1
"407","MT WASHINGTON","NH","2/20/00",1
"408","MT WASHINGTON","NH","3/24/96",1
"409","MT WASHINGTON","NH","4/4/64",1
"410","MT WASHINGTON / TUCKERMAN RAVINE","NH","11/29/02",1
"411","MT WASHINGTON TUCKMANS","NH","2/24/91",1
"412","Mt. Timpanogos area, near Hidden Lakes","UT","12/31/05",1
"413","Near Boardman Pass, Soldier Mountains","ID","1/28/10",1
"414","Near Brundage Mountain","ID","3/30/10",1
"415","Near Co-op Creek, Western Uintas","UT","12/31/07",1
"416","Near Cody","WY","1/2/09",1
"417","near Crystal Mountain","WA","2/24/07",1
"418","Near Hungry Horse Reservoir, east of Kalispell","MT","1/8/11",1
"419","Near Mountain High ski resort","CA","1/25/08",3
"420","Near Mt Pilchuck","WA","1/4/08",1
"421","North Fork of Murphy Creek, Wyoming Range","WY","2/6/10",1
"422","North of Schweitzer Ski Area, Idaho Panhandle","ID","3/13/10",1
"423","Northeast facing slope on Crown Butte","MT","1/17/09",1
"424","Norton Creek, 20 MILES west of Ketchum","ID","4/5/09",1
"425","ODYSSEY MT","AK","4/3/93",1
"426","Off trail run in bounds at Sun Valley Ski Resort","ID","1/22/10",1
"427","OGDEN / WILLARD PEAK","UT","12/14/00",1
"428","OGDEN MONTE CRISTO ECCLES PEAK","UT","3/31/05",1
"429","Ogden Mtn., Taylor Canyon","UT","3/11/06",1
"430","OPHIR","CO","4/7/99",1
"431","OWEN CREEK","WY","1/19/75",1
"432","Palisades Peak Area","ID","2/17/07",1
"433","PARK CITY","UT","12/31/65",1
"434","PARK CITY","UT","3/19/85",1
"435","PARK CITY / DALY CANYON / JUDGE MINE","UT","2/26/04",1
"436","PARK WEST","UT","3/22/82",1
"437","PARKCITYWEST","UT","12/29/73",1
"438","PARLEY'S CN","UT","2/12/67",1
"439","Patriot Bowl-west of Trinity Mtn. Lookout","ID","4/8/06",1
"440","Paulina Peak east of La Pine","OR","1/2/10",1
"441","PAXON / SUMMIT LAKE","AK","4/9/00",1
"442","PAXSON / RICHARDSON HWY MP 194 / HOODOO MTNS","AK","4/10/04",1
"443","PAXSON SUMMIT LAKE","AK","1/12/02",1
"444","Peak 6996 near Marias Pass, Glacier NP","MT","3/30/10",1
"445","PETERS RIDGE","MT","12/31/93",1
"446","PHILIPSBURG","MT","12/19/82",1
"447","PHILIPSBURG","MT","12/31/01",1
"448","PIKES PEAK","CO","4/24/95",1
"449","PINE CRST","UT","2/25/93",1
"450","Pioneer Ridge, an out-of-bounds area near Brighton Ski Resort","UT","4/3/06",1
"451","POCATELLO","ID","1/10/76",1
"452","POCATELLO","ID","3/7/64",1
"453","POLE CREEK","CO","10/17/71",1
"454","PORTAGE","AK","5/10/75",1
"455","PORTAGE / BRYON GLACIER PEAK","AK","2/28/04",1
"456","PORTAGE / USFS BUILDING","AK","1/22/04",1
"457","Poulsen’s Gully-Squaw Valley Ski Area","CA","12/25/08",1
"458","POWDER MTN","UT","2/22/85",1
"459","POWERLINE PASS","AK","12/29/90",1
"460","POWERLINE PASS, CHUG","AK","3/28/94",1
"461","PRIEST LAKE","ID","3/8/97",1
"462","PRIEST LAKE / ECHO BASIN","ID","2/22/03",1
"463","PROVO CANYON","UT","1/6/86",1
"464","PROVO CANYON / ASPEN GROVE / ROBERTS HORN CHUTE","UT","12/26/03",1
"465","PROVO UINTA MONTAINS STRAWBERRY VALLEY, trout creek","UT","12/11/04",1
"466","Raggedtop Mountain","AK","1/3/06",1
"467","Rainy Pass; Dalzell Creek, in the Alaska Range","AK","2/14/06",1
"468","RED LODGE","MT","4/12/81",1
"469","Red Meadow Lake west of Polebridge","MT","1/14/06",1
"470","RED MOUNTAIN PASS","CO","2/10/78",1
"471","RED MOUNTAIN PASS","CO","3/2/70",1
"472","RED MOUNTAIN PASS","CO","3/3/63",1
"473","RED MOUNTAIN PASS","CO","3/5/92",1
"474","RED MOUNTAIN PASS / OH BOY","CO","3/7/90",1
"475","Red Mountain, Snoqualmie Pass Washington","WA","2/1/11",1
"476","RESURRECTION PASS","AK","1/17/97",1
"477","ROBERTS","MT","2/12/85",1
"478","ROCK CANYON","UT","2/19/68",1
"479","ROCK CREEK NW OF JACKSON","MT","1/17/01",1
"480","Rock Lake west of Cascade","ID","12/18/09",1
"481","Rockford","WA","12/30/08",1
"482","ROCKY MOUNTAIN NAT PARK","CO","10/13/73",1
"483","ROCKY MOUNTAIN NAT PARK","CO","7/4/76",1
"484","Rocky Mountain Nat Park / FLATTOP","CO","11/1/92",1
"485","RUBY CK, URAD MINE","CO","2/25/95",1
"486","RUBY MTNS","NV","3/4/89",1
"487","Ruth Gorge","AK","4/28/11",1
"488","Ruth Gorge, Denali National Park","AK","5/29/10",1
"489","S ARAPAHOE PK","CO","5/22/77",1
"490","S MAROON PK","CO","6/13/92",1
"491","S WASATCH MT NEBO","UT","1/29/99",1
"492","SALT MTN RNG","WY","2/10/96",1
"493","SALT RIVER RANGE / POKER FLATS","WY","2/24/03",1
"494","SANDPOINT / JERU","ID","3/6/04",1
"495","SAWATCH / LA PLATA PEAK","CO","3/19/60",1
"496","SCHWEITZER","ID","2/15/81",1
"497","SCHWEITZER / KEOKEE PEAK","ID","2/22/03",1
"498","Scotch Bonnet Mountain near Cooke City","MT","1/4/10",1
"499","Scotch Bonnet Peak, Cooke City","MT","12/16/06",1
"500","Seattle Creek, near Turnigan Pass","AK","2/15/08",1
"501","SEWARD HIGHWAY","AK","2/1/00",1
"502","SEWARD HWY","AK","5/9/52",1
"503","SHEEP CREEK","WY","3/26/77",1
"504","Sheep Mountain, near Orofino","ID","3/16/08",1
"505","SHEEP MT","AK","12/12/76",1
"506","SHEEP MT","CO","1/6/78",1
"507","SHRINE PASS","CO","3/15/87",1
"508","Signal Peak, southeast of Richfield","UT","2/17/07",1
"509","SILVER PEAK","WA","3/27/76",1
"510","SILVERTON","CO","1/7/52",1
"511","SITKA","AK","2/28/54",1
"512","SITKA","AK","5/24/99",1
"513","SKYLINE","ID","2/18/67",1
"514","SLIDE MT","NV","12/27/68",1
"515","SNAKE RIV CNYN","WY","1/14/96",1
"516","SNEFFELS RANGE","CO","2/25/92",1
"517","SNOQUALMIE PASS / SALMON LA SAC","WA","3/5/04",1
"518","SNOQUALMIE PASS / SNOW LAKE TRAIL","WA","12/13/03",1
"519","SNOQUALMIE PASS ALPENTAL SA CLOSED","WA","1/12/05",1
"520","SNOQUALMIE PS","WA","1/15/71",1
"521","SNOW BASIN","UT","3/29/64",1
"522","SNOW BASIN","UT","3/9/58",2
"523","SNOW KING","WY","2/16/84",1
"524","SNOW KING MT","WY","3/12/64",1
"525","SNOWBANK MOUNTAIN","ID","1/29/65",1
"526","SNOWBIRD","UT","11/6/94",1
"527","SNOWBIRD","UT","11/7/98",1
"528","SNOWBIRD","UT","3/3/77",1
"529","SNOWBIRD","UT","4/1/92",1
"530","Snowbird Ski Area","UT","12/14/08",1
"531","SNOWMASS","CO","3/31/81",1
"532","SNOWY RANGE","WY","2/9/85",1
"533","SNOWY RANGE W SIDE","WY","12/26/02",1
"534","SOLITUDE","UT","2/2/96",1
"535","SOURCE LAKE","WA","1/27/74",1
"536","SOURCE LAKE","WA","2/7/53",1
"537","SOURCE LAKE","WA","4/12/81",1
"538","SOURCE LAKE","WA","5/27/84",1
"539","Source Lake, near Snoqualmie Pass","WA","12/2/07",1
"540","south end of Mt. Abundance","MT","1/5/06",1
"541","South Teton, Grand Teton NP","WY","2/21/10",1
"542","Squaw Valley","CA","3/3/09",1
"543","SQUAW VALLEY","CA","1/15/55",1
"544","SQUAW VALLEY","CA","3/14/64",1
"545","SQUAW VALLEY OB","CA","2/21/01",1
"546","ST CHARLES","ID","2/19/00",1
"547","ST HWY 280","NY","3/18/93",1
"548","ST MARYS GLACIER","CO","11/27/80",1
"549","ST MARYS GLACIER","CO","4/1/98",1
"550","ST MARYS LAKE","CO","2/24/57",1
"551","STANLEY","ID","1/1/83",1
"552","STANLEY","ID","12/21/92",1
"553","Star Valley","WY","1/12/08",1
"554","STEAMBOAT","CO","12/13/72",1
"555","STEVENS PASS","WA","1/20/79",1
"556","STEVENS PASS","WA","1/24/71",1
"557","Stewart Peak, Salt River Range","WY","12/16/06",1
"558","SUGAR BOWL","CA","1/2/65",1
"559","SUGAR BOWL","CA","11/29/85",1
"560","SUGAR BOWL MT ANDERSON NORTH BOWL BENSON HUT","CA","2/20/05",1
"561","SUGAR BOWL OB / MT JUDAH","CA","3/9/02",1
"562","SUMMIT CNTY","UT","1/18/98",1
"563","SUN VALLEY","ID","1/19/52",1
"564","SUN VALLEY","ID","1/22/73",1
"565","SUN VALLEY","ID","2/10/96",1
"566","SUN VALLEY","ID","2/5/75",1
"567","SUNDANCE","UT","1/16/93",1
"568","SUNLIGHT","CO","1/13/93",1
"569","SUNLIGHT BASIN CODY","WY","11/17/00",1
"570","Superbowl near Windy Ridge, Western Uintas","UT","12/25/07",1
"571","SUPERIOR CREEK","ID","3/9/60",1
"572","SWAN RANGE","MT","3/22/00",1
"573","SWIFT CREEK","WY","2/10/62",1
"574","TABERG","NY","12/31/62",1
"575","TALKEETNA","AK","4/8/00",1
"576","TALKEETNA MTNS CANTW","AK","4/16/99",1
"577","TANAINA PEAK","AK","1/1/74",1
"578","TAOS","NM","11/15/80",1
"579","TAOS","NM","12/24/79",1
"580","TAOS","NM","2/4/96",1
"581","TAOS SKIVALLEY","NM","3/24/73",1
"582","TARGHEE CREEK","MT","3/22/02",1
"583","Tatie Peak, near Harts Pass","WA","12/28/08",1
"584","TELLURIDE","CO","1/8/87",1
"585","TELLURIDE","CO","11/22/79",1
"586","TELLURIDE","CO","2/14/87",1
"587","TELLURIDE","CO","2/14/89",1
"588","TELLURIDE","CO","2/2/87",1
"589","TENMILE RANGE / FLETCHER MTN","CO","12/2/90",1
"590","TETON PASS","WY","12/9/00",1
"591","TETON PASS","WY","4/24/95",1
"592","TETON PASS / AVALANCHE BOWL","WY","1/28/03",1
"593","TETON PASS / SKI LAKE","WY","1/4/03",1
"594","TETON PASS, Glory Bowl","WY","12/1/00",1
"595","TETONS DEAD HORSE PASS","WY","12/25/00",1
"596","The Canyons","UT","12/23/07",1
"597","THE CANYONS","UT","1/11/00",1
"598","Thompson Pass","AK","4/18/09",1
"599","Thompson Pass","AK","4/7/08",1
"600","Tiffany Mountain near Conconully","WA","3/19/06",1
"601","TIOGA PASS","CA","6/14/95",1
"602","TODD LAKE, near BEND","OR","2/22/93",1
"603","TOGWOTEE PASS","WY","1/4/99",1
"604","TOGWOTEE PASS","WY","12/28/92",1
"605","TOGWOTEE PASS / KETTLE CREEK","WY","1/25/03",1
"606","Togwotee Pass/Squaw Basin area","WY","12/27/05",1
"607","Tokopah Canyon, Sequoia National Park","CA","1/28/08",1
"608","Tower Mountain, southeast of Heber City","UT","2/17/07",1
"609","Town of Steamboat","CO","1/26/84",1
"610","Trapper Creek, North of Priest Lake","ID","2/27/09",1
"611","TUCKERMAN RAVINE","NH","2/19/56",1
"612","TURNAGAIN PASS","AK","1/21/78",1
"613","TURNAGAIN PASS","AK","3/21/99",1
"614","TWIN BRIDGES","CA","1/14/52",1
"615","TWIN LAKES","CA","2/10/78",2
"616","TWIN LAKES","CA","2/15/86",1
"617","TWIN LAKES","CO","1/21/62",1
"618","TWIN LAKES NR LAKE WENATCHEE","WA","1/29/01",1
"619","TWOTOP MOUNTAIN","ID","2/22/93",1
"620","UINTA MTNS","UT","3/10/01",1
"621","Union Creek, near Crystal Mountain Resort","WA","12/2/07",1
"622","VAIL","CO","2/21/96",1
"623","VAIL (ob)","CO","2/26/86",1
"624","VAIL / OB MUSHROOM BOWL","CO","1/2/90",1
"625","VAIL PASS","CO","3/17/84",1
"626","VAIL PASS Narrows","CO","12/31/95",1
"627","VALDEZ","AK","2/6/77",1
"628","VICTOR / BIG HOLE MTNS","ID","3/11/02",1
"629","W YELLOWSTONE","MT","2/25/96",1
"630","W YELLOWSTONE","MT","3/9/96",1
"631","WARDNER","ID","2/5/57",1
"632","WASATCH PLATEAU MT PLEASANT CHOKE CHERRY","UT","1/8/05",1
"633","WEBER CANYON","UT","1/31/02",1
"634","WEST YELLOWSTONE / LIONSHEAD","MT","4/4/01",1
"635","WEST YELLOWSTONE / LIONSHEAD MTN","MT","1/18/90",1
"636","WHITE CLOUD MTNS STANLEY","ID","7/2/05",1
"637","WHITEFISH RANGE","MT","2/10/02",1
"638","WHITEFISH RANGE / SOUTH CANYON","MT","3/16/02",1
"639","WHITEHORSE MTN","WA","5/12/85",1
"640","WILLOW CREEK","ID","1/20/71",1
"641","WOLF CREEK PASS","CO","1/30/83",1
"642","WOLF CREEK PASS","CO","12/30/51",1
"643","WOLF CREEK PASS","CO","3/3/81",1
"644","WOLF CREEK PASS / TREASURE MTN","CO","3/3/87",1
"645","WOLVERINE CIRQ","UT","4/8/93",1
"646","WRANGELL-ST ELIAS","AK","4/29/99",1
"647","WRANGELL-ST ELIAS / VERDE PEAK","AK","4/9/03",1
"648","Yamaha Hill, western Uintas","UT","12/29/08",1
"649","Yellow Mountain","MT","3/3/07",1
"650","YELLOWSTONE","WY","2/23/92",1
"651","YELLOWSTONE","WY","3/3/97",1
"652","YOSEMITE","CA","9/26/72",1
